[{"model": "quantumapi.manufacturer", "pk": 1, "fields": {"name": "Intamin Worldwide", "origin_country": "Sweden", "company_website": "https://www.intaminworldwide.com/"}}, {"model": "quantumapi.manufacturer", "pk": 2, "fields": {"name": "Bolliger & Mabillard", "origin_country": "Switzerland", "company_website": "https://www.bolliger-mabillard.com/"}}, {"model": "quantumapi.manufacturer", "pk": 3, "fields": {"name": "Rocky Mountain Construction", "origin_country": "USA", "company_website": "https://rockymtnconstruction.com/"}}, {"model": "quantumapi.manufacturer", "pk": 4, "fields": {"name": "Mack Rides", "origin_country": "Germany", "company_website": "https://mack-rides.com/"}}, {"model": "quantumapi.manufacturer", "pk": 5, "fields": {"name": "Gerstlauer", "origin_country": "Germany", "company_website": "https://www.gerstlauer-rides.de/home/"}}, {"model": "quantumapi.manufacturer", "pk": 6, "fields": {"name": "Great Coasters International", "origin_country": "USA", "company_website": "https://greatcoasters.com/"}}, {"model": "quantumapi.manufacturer", "pk": 7, "fields": {"name": "Arrow Dynamics", "origin_country": "USA", "company_website": "https://en.wikipedia.org/wiki/Arrow_Dynamics"}}, {"model": "quantumapi.manufacturer", "pk": 8, "fields": {"name": "S&S Technologies", "origin_country": "USA", "company_website": "http://s-s.com/"}}, {"model": "quantumapi.manufacturer", "pk": 9, "fields": {"name": "Premier Rides", "origin_country": "USA", "company_website": "http://premier-rides.com/"}}, {"model": "quantumapi.manufacturer", "pk": 10, "fields": {"name": "Vekoma", "origin_country": "Netherlands", "company_website": "https://www.vekoma.com/"}}, {"model": "quantumapi.manufacturer", "pk": 11, "fields": {"name": "The Gravity Group, LLC", "origin_country": "USA", "company_website": "https://thegravitygroup.com/"}}, {"model": "quantumapi.manufacturer", "pk": 12, "fields": {"name": "Philadelphia Toboggan Coasters", "origin_country": "USA", "company_website": "https://www.philadelphiatoboggancoastersinc.com/"}}, {"model": "quantumapi.manufacturer", "pk": 13, "fields": {"name": "Giovanola", "origin_country": "Switzerland", "company_website": "https://en.wikipedia.org/wiki/Giovanola"}}, {"model": "quantumapi.manufacturer", "pk": 14, "fields": {"name": "Maurer AG", "origin_country": "Germany", "company_website": "https://maurer-rides.de/en/"}}, {"model": "quantumapi.manufacturer", "pk": 15, "fields": {"name": "Custom Coasters International", "origin_country": "USA", "company_website": "https://en.wikipedia.org/wiki/Custom_Coasters_International"}}, {"model": "quantumapi.manufacturer", "pk": 16, "fields": {"name": "Triotech", "origin_country": "Canada", "company_website": "https://www.trio-tech.com/"}}, {"model": "quantumapi.manufacturer", "pk": 17, "fields": {"name": "Zamperla", "origin_country": "Italy", "company_website": "https://www.zamperla.com/"}}, {"model": "quantumapi.manufacturer", "pk": 18, "fields": {"name": "Taft Broadcasting Company", "origin_country": "USA", "company_website": "https://en.wikipedia.org/wiki/Taft_Broadcasting"}}, {"model": "quantumapi.park", "pk": 1, "fields": {"name": "Cedar Point", "parkLocation": "Ohio", "parkCountry": "USA"}}, {"model": "quantumapi.park", "pk": 2, "fields": {"name": "King's Island", "parkLocation": "Ohio", "parkCountry": "USA"}}, {"model": "quantumapi.park", "pk": 3, "fields": {"name": "Six Flags Magic Mountain", "parkLocation": "California", "parkCountry": "USA"}}, {"model": "quantumapi.park", "pk": 4, "fields": {"name": "Alton Towers", "parkLocation": "Staffordshire", "parkCountry": "UK"}}, {"model": "quantumapi.park", "pk": 5, "fields": {"name": "Blackpool Pleasure Beach", "parkLocation": "Lancashire", "parkCountry": "UK"}}, {"model": "quantumapi.park", "pk": 6, "fields": {"name": "Canada's Wonderland", "parkLocation": "Ontario", "parkCountry": "Canada"}}, {"model": "quantumapi.park", "pk": 7, "fields": {"name": "King's Dominion", "parkLocation": "Virginia", "parkCountry": "USA"}}, {"model": "quantumapi.park", "pk": 8, "fields": {"name": "Knott's Berry Farm", "parkLocation": "California", "parkCountry": "USA"}}, {"model": "quantumapi.park", "pk": 9, "fields": {"name": "Carowinds", "parkLocation": "North Carolina", "parkCountry": "USA"}}, {"model": "quantumapi.park", "pk": 10, "fields": {"name": "Europa Park", "parkLocation": "Rust", "parkCountry": "Germany"}}, {"model": "quantumapi.park", "pk": 11, "fields": {"name": "Universal Islands of Adventure", "parkLocation": "Florida", "parkCountry": "USA"}}, {"model": "quantumapi.park", "pk": 12, "fields": {"name": "Six Flags Over Texas", "parkLocation": "Texas", "parkCountry": "USA"}}, {"model": "quantumapi.park", "pk": 13, "fields": {"name": "Six Flags Great Adventure", "parkLocation": "New Jersey", "parkCountry": "USA"}}, {"model": "quantumapi.park", "pk": 14, "fields": {"name": "Holiday World", "parkLocation": "Indiana", "parkCountry": "USA"}}, {"model": "quantumapi.tracktype", "pk": 1, "fields": {"name": "Steel Accelerator"}}, {"model": "quantumapi.tracktype", "pk": 2, "fields": {"name": "Steel Giga Coaster"}}, {"model": "quantumapi.tracktype", "pk": 3, "fields": {"name": "Steel Hyper Coaster"}}, {"model": "quantumapi.tracktype", "pk": 4, "fields": {"name": "Wood/ Steel Hybrid Coaster"}}, {"model": "quantumapi.tracktype", "pk": 5, "fields": {"name": "Steel Inverted"}}, {"model": "quantumapi.tracktype", "pk": 6, "fields": {"name": "Wooden Coaster"}}, {"model": "quantumapi.tracktype", "pk": 7, "fields": {"name": "Pre Fabricated Wooden Coaster"}}, {"model": "quantumapi.tracktype", "pk": 8, "fields": {"name": "Steel Winged Coaster"}}, {"model": "quantumapi.tracktype", "pk": 9, "fields": {"name": "Boomerang Coaster"}}, {"model": "quantumapi.tracktype", "pk": 10, "fields": {"name": "Steel Floorless Coaster"}}, {"model": "quantumapi.tracktype", "pk": 11, "fields": {"name": "Steel Stand-Up Coaster"}}, {"model": "quantumapi.tracktype", "pk": 12, "fields": {"name": "Steel Coaster"}}, {"model": "quantumapi.tracktype", "pk": 13, "fields": {"name": "Family Coaster"}}, {"model": "quantumapi.tracktype", "pk": 14, "fields": {"name": "LIM Launched Coaster"}}, {"model": "quantumapi.tracktype", "pk": 15, "fields": {"name": "LSM Launched Coaster"}}, {"model": "quantumapi.tracktype", "pk": 16, "fields": {"name": "Air Powered Launched Coaster"}}, {"model": "quantumapi.tracktype", "pk": 17, "fields": {"name": "Inverted Swinging Coaster"}}, {"model": "quantumapi.tracktype", "pk": 18, "fields": {"name": "Infinity Coaster"}}, {"model": "quantumapi.tracktype", "pk": 19, "fields": {"name": "Mine Train Coaster"}}, {"model": "quantumapi.tracktype", "pk": 20, "fields": {"name": "Vertical Dive Coaster"}}, {"model": "quantumapi.tracktype", "pk": 21, "fields": {"name": "Corkscrew Roller Coaster"}}, {"model": "quantumapi.tracktype", "pk": 22, "fields": {"name": "Flying Coaster"}}, {"model": "quantumapi.tracktype", "pk": 23, "fields": {"name": "Drop Track Coaster"}}, {"model": "quantumapi.rollercoaster", "pk": 1, "fields": {"name": "Top Thrill Dragster", "tracktype": 1, "max_height": "420", "max_speed": "120", "manufacturer": 1, "park": 1}}, {"model": "quantumapi.rollercoaster", "pk": 2, "fields": {"name": "Millenium Force", "tracktype": 2, "max_height": "310", "max_speed": "92", "manufacturer": 1, "park": 1}}, {"model": "quantumapi.rollercoaster", "pk": 3, "fields": {"name": "Steel Vengence", "tracktype": 4, "max_height": "205", "max_speed": "81", "manufacturer": 3, "park": 1}}, {"model": "quantumapi.rollercoaster", "pk": 4, "fields": {"name": "Raptor", "tracktype": 5, "max_height": "137", "max_speed": "57", "manufacturer": 2, "park": 1}}, {"model": "quantumapi.rollercoaster", "pk": 5, "fields": {"name": "GateKeeper", "tracktype": 8, "max_height": "170", "max_speed": "67", "manufacturer": 2, "park": 1}}, {"model": "quantumapi.rollercoaster", "pk": 6, "fields": {"name": "Maverick", "tracktype": 12, "max_height": "105", "max_speed": "57", "manufacturer": 1, "park": 1}}, {"model": "quantumapi.rollercoaster", "pk": 7, "fields": {"name": "Magnum XL 200", "tracktype": 3, "max_height": "205", "max_speed": "72", "manufacturer": 7, "park": 1}}, {"model": "quantumapi.rollercoaster", "pk": 8, "fields": {"name": "Gemini", "tracktype": 4, "max_height": "125", "max_speed": "60", "manufacturer": 7, "park": 1}}, {"model": "quantumapi.rollercoaster", "pk": 9, "fields": {"name": "Wicked Twister", "tracktype": 9, "max_height": "215", "max_speed": "72", "manufacturer": 1, "park": 1}}, {"model": "quantumapi.rollercoaster", "pk": 10, "fields": {"name": "Rougarou", "tracktype": 10, "max_height": "145", "max_speed": "60", "manufacturer": 2, "park": 1}}, {"model": "quantumapi.rollercoaster", "pk": 11, "fields": {"name": "Iron Dragon", "tracktype": 17, "max_height": "76", "max_speed": "40", "manufacturer": 7, "park": 1}}, {"model": "quantumapi.rollercoaster", "pk": 12, "fields": {"name": "Cedar Creek Mine Ride", "tracktype": 19, "max_height": "48", "max_speed": "42", "manufacturer": 7, "park": 1}}, {"model": "quantumapi.rollercoaster", "pk": 13, "fields": {"name": "Blue Streak", "tracktype": 6, "max_height": "78", "max_speed": "40", "manufacturer": 12, "park": 1}}, {"model": "quantumapi.rollercoaster", "pk": 14, "fields": {"name": "Valravin", "tracktype": 20, "max_height": "223", "max_speed": "75", "manufacturer": 2, "park": 1}}, {"model": "quantumapi.rollercoaster", "pk": 15, "fields": {"name": "Corkscrew", "tracktype": 21, "max_height": "85", "max_speed": "48", "manufacturer": 7, "park": 1}}, {"model": "quantumapi.rollercoaster", "pk": 16, "fields": {"name": "Woodstock Express", "tracktype": 13, "max_height": "43", "max_speed": "28", "manufacturer": 10, "park": 1}}, {"model": "quantumapi.rollercoaster", "pk": 17, "fields": {"name": "Orion", "tracktype": 3, "max_height": "305", "max_speed": "91", "manufacturer": 2, "park": 2}}, {"model": "quantumapi.rollercoaster", "pk": 18, "fields": {"name": "Banshee", "tracktype": 5, "max_height": "167", "max_speed": "68", "manufacturer": 2, "park": 2}}, {"model": "quantumapi.rollercoaster", "pk": 19, "fields": {"name": "Diamondback", "tracktype": 3, "max_height": "230", "max_speed": "80", "manufacturer": 2, "park": 2}}, {"model": "quantumapi.rollercoaster", "pk": 20, "fields": {"name": "Flight of Fear", "tracktype": 14, "max_height": "74", "max_speed": "54", "manufacturer": 9, "park": 2}}, {"model": "quantumapi.rollercoaster", "pk": 21, "fields": {"name": "The Racer", "tracktype": 6, "max_height": "88", "max_speed": "53", "manufacturer": 12, "park": 2}}, {"model": "quantumapi.rollercoaster", "pk": 22, "fields": {"name": "The Bat", "tracktype": 17, "max_height": "78", "max_speed": "51", "manufacturer": 7, "park": 2}}, {"model": "quantumapi.rollercoaster", "pk": 23, "fields": {"name": "Invertigo", "tracktype": 9, "max_height": "131", "max_speed": "50", "manufacturer": 10, "park": 2}}, {"model": "quantumapi.rollercoaster", "pk": 24, "fields": {"name": "Adventure Express", "tracktype": 19, "max_height": "63", "max_speed": "35", "manufacturer": 7, "park": 2}}, {"model": "quantumapi.rollercoaster", "pk": 25, "fields": {"name": "The Smiler", "tracktype": 18, "max_height": "100", "max_speed": "53", "manufacturer": 5, "park": 4}}, {"model": "quantumapi.rollercoaster", "pk": 26, "fields": {"name": "Oblivion", "tracktype": 20, "max_height": "180", "max_speed": "68", "manufacturer": 2, "park": 4}}, {"model": "quantumapi.rollercoaster", "pk": 27, "fields": {"name": "Nemesis", "tracktype": 5, "max_height": "104", "max_speed": "50", "manufacturer": 2, "park": 4}}, {"model": "quantumapi.rollercoaster", "pk": 28, "fields": {"name": "Rita", "tracktype": 1, "max_height": "60", "max_speed": "61", "manufacturer": 1, "park": 4}}, {"model": "quantumapi.rollercoaster", "pk": 29, "fields": {"name": "Galactica", "tracktype": 22, "max_height": "66", "max_speed": "47", "manufacturer": 2, "park": 4}}, {"model": "quantumapi.rollercoaster", "pk": 30, "fields": {"name": "Wicker Man", "tracktype": 6, "max_height": "72", "max_speed": "44", "manufacturer": 6, "park": 4}}, {"model": "quantumapi.rollercoaster", "pk": 31, "fields": {"name": "Th13teen", "tracktype": 12, "max_height": "65", "max_speed": "42", "manufacturer": 1, "park": 4}}, {"model": "quantumapi.rollercoaster", "pk": 32, "fields": {"name": "Yukon Striker", "tracktype": 20, "max_height": "245", "max_speed": "81", "manufacturer": 2, "park": 6}}, {"model": "quantumapi.rollercoaster", "pk": 33, "fields": {"name": "Leviathan", "tracktype": 2, "max_height": "306", "max_speed": "92", "manufacturer": 2, "park": 6}}, {"model": "quantumapi.rollercoaster", "pk": 34, "fields": {"name": "Yukon Striker", "tracktype": 20, "max_height": "245", "max_speed": "81", "manufacturer": 2, "park": 6}}, {"model": "quantumapi.rollercoaster", "pk": 35, "fields": {"name": "Thunder Run", "tracktype": 19, "max_height": "33", "max_speed": "40", "manufacturer": 4, "park": 6}}, {"model": "quantumapi.rollercoaster", "pk": 36, "fields": {"name": "Vortex", "tracktype": 17, "max_height": "91", "max_speed": "55", "manufacturer": 7, "park": 6}}, {"model": "quantumapi.rollercoaster", "pk": 37, "fields": {"name": "Wonder Mountain's Guardian", "tracktype": 23, "max_height": "60", "max_speed": "40", "manufacturer": 16, "park": 6}}, {"model": "quantumapi.rollercoaster", "pk": 38, "fields": {"name": "Backlot Stunt Coaster", "tracktype": 14, "max_height": "45", "max_speed": "40", "manufacturer": 9, "park": 6}}, {"model": "quantumapi.rollercoaster", "pk": 39, "fields": {"name": "Bohemoth", "tracktype": 3, "max_height": "230", "max_speed": "77", "manufacturer": 2, "park": 6}}, {"model": "quantumapi.rollercoaster", "pk": 40, "fields": {"name": "Flight Deck", "tracktype": 5, "max_height": "109", "max_speed": "50", "manufacturer": 10, "park": 6}}, {"model": "quantumapi.rollercoaster", "pk": 41, "fields": {"name": "Mighty Canadian Minebuster", "tracktype": 6, "max_height": "90", "max_speed": "55", "manufacturer": 12, "park": 6}}, {"model": "quantumapi.rollercoaster", "pk": 42, "fields": {"name": "Time Warp", "tracktype": 22, "max_height": "50", "max_speed": "26", "manufacturer": 17, "park": 6}}, {"model": "quantumapi.rollercoaster", "pk": 43, "fields": {"name": "The Bat", "tracktype": 9, "max_height": "70", "max_speed": "45", "manufacturer": 10, "park": 6}}, {"model": "quantumapi.rollercoaster", "pk": 44, "fields": {"name": "Dragon Fyre", "tracktype": 21, "max_height": "78", "max_speed": "50", "manufacturer": 7, "park": 6}}, {"model": "quantumapi.rollercoaster", "pk": 45, "fields": {"name": "Wilde Beast", "tracktype": 6, "max_height": "82", "max_speed": "56", "manufacturer": 18, "park": 6}}, {"model": "quantumapi.rollercoaster", "pk": 46, "fields": {"name": "Silver Streak", "tracktype": 13, "max_height": "49", "max_speed": "26", "manufacturer": 10, "park": 6}}]